# T924 per-root probe output, recovered from the lane transcript by T914
# tag,root,side,solved,?,nodes,ms,value,?
T924,root,...
T924,root,...0
T924,root,0,1,0,0,20000001,5617,-128,0
T924,root,0,1,1,0,4528,0,0,0
T924,root,1,-1,1,0,25579,7,-16,0
T924,root,1,1,1,0,11,0,6,0
T924,root,1,1,1,0,24089,7,16,0
T924,root,10004899,-1,1,0,144,0,-6,0
T924,root,10006348,1,1,0,227,0,-3,0
T924,root,1005016,-1,1,0,31,0,16,0
T924,root,1005293,1,1,0,63,0,16,0
T924,root,101,1,1,0,369,0,-1,0
T924,root,10105293,-1,1,0,20,0,-16,0
T924,root,10106270,1,1,0,21,0,-16,0
T924,root,10147,1,1,0,956,0,-16,0
T924,root,101916,-1,1,0,42,0,16,0
T924,root,10215948,-1,1,0,302,0,0,0
T924,root,10217685,1,1,0,46,0,16,0
T924,root,102394,1,1,0,1224,0,16,0
T924,root,1024,-1,1,0,5215,2,16,0
T924,root,1033651,-1,1,0,319,0,-16,0
T924,root,1034052,1,1,0,120,0,-16,0
T924,root,10354194,-1,1,0,3497,1,16,0
T924,root,10355718,1,1,0,3466,0,-16,0
T924,root,10476661,-1,1,0,1273,0,16,0
T924,root,10477895,1,1,0,152,0,-3,0
T924,root,104838,-1,1,0,80292,20,-16,0
T924,root,1053,1,1,0,7510,2,-16,0
T924,root,105305,1,1,0,476,0,1,0
T924,root,10577969,-1,1,0,253,0,-16,0
T924,root,10579570,1,1,0,93,0,16,0
T924,root,10598,-1,1,0,11021,3,-16,0
T924,root,1066556,-1,1,0,104,0,16,0
T924,root,1066991,1,1,0,1294,0,16,0
T924,root,107,1,1,1,0,0,6,0
T924,root,10701166,-1,1,0,245,0,16,0
T924,root,10703210,1,1,0,300,0,-16,0
T924,root,107551,-1,1,0,884,1,16,0
T924,root,10771,1,1,0,70,0,-16,0
T924,root,108,-1,0,0,20000001,5042,-128,0
T924,root,108275,1,1,0,8703,3,-16,0
T924,root,10844942,-1,1,0,456,0,-16,0
T924,root,10848035,1,1,0,60,0,16,0
T924,root,109,1,1,0,484,0,-1,0
T924,root,10979196,-1,1,0,32,1,16,0
T924,root,10980878,1,1,0,30,0,16,0
T924,root,1099399,-1,1,0,30,0,-16,0
T924,root,1099762,1,1,0,279,0,-16,0
T924,root,1102,-1,1,0,156,0,-16,0
T924,root,110567,-1,1,0,403,0,-16,0
T924,root,111110,1,1,0,851,0,-16,0
T924,root,11120730,-1,1,0,244,0,16,0
T924,root,11124953,1,1,0,4647,1,16,0
T924,root,11176,-1,1,0,1411,0,-16,0
T924,root,1129272,-1,1,0,37,0,16,0
T924,root,11296063,-1,1,0,163,0,7,0
T924,root,1129735,1,1,0,441,1,-16,0
T924,root,11302721,1,1,0,6539004,1593,-10,0
T924,root,11303064,-1,1,0,77,1,6,0
T924,root,11334,1,1,0,384,0,-16,0
T924,root,113383,-1,1,0,723843,173,-16,0
T924,root,114,1,0,0,20000001,5623,-128,0
T924,root,114020,1,1,0,22151,6,-1,0
T924,root,11539497,-1,1,0,104,0,-1,0
T924,root,11539528,1,1,0,82,0,2,0
T924,root,1156,1,1,0,4221,1,16,0
T924,root,1158861,-1,1,0,1467,0,-5,0
T924,root,1159303,1,1,0,306,0,16,0
T924,root,116239,-1,1,0,2559149,616,-2,0
T924,root,116834,1,1,0,244,0,-16,0
T924,root,11718858,1,1,0,225,0,16,0
T924,root,11719082,-1,1,0,153,0,-16,0
T924,root,11767,-1,1,0,39218,10,1,0
T924,root,1188789,-1,1,0,3539,0,-1,0
T924,root,11891348,-1,1,0,330,0,0,0
T924,root,11891406,1,1,0,149,0,3,0
T924,root,1189192,1,1,0,65,0,-16,0
T924,root,119286,-1,1,0,17703,4,1,0
T924,root,119939,1,1,0,179,0,-16,0
T924,root,11994,1,1,0,33879,8,1,0
T924,root,12089125,-1,1,0,12,0,-16,0
T924,root,12089298,1,1,0,23,0,-3,0
T924,root,1218399,-1,1,0,58,0,16,0
T924,root,1218768,1,1,0,371,0,1,0
T924,root,122075,-1,1,0,889,0,-16,0
T924,root,12245480,-1,1,0,913,1,-3,0
T924,root,12245720,1,1,0,83,0,1,0
T924,root,122649,1,1,0,337,0,-16,0
T924,root,123,1,1,0,433,0,16,0
T924,root,12365,-1,1,0,4512,1,-16,0
T924,root,12429059,-1,1,0,12,0,-16,0
T924,root,12429386,1,1,0,842,0,16,0
T924,root,124648,-1,1,0,296,0,1,0
T924,root,1247247,-1,1,0,13780,3,-16,0
T924,root,1247721,1,1,0,110804,28,-2,0
T924,root,125258,1,1,0,112,0,-16,0
T924,root,12588376,-1,1,0,151,0,-2,0
T924,root,12588577,1,1,0,71,0,16,0
T924,root,1260,1,1,0,89268,21,1,0
T924,root,12603,1,1,0,13412,3,2,0
T924,root,1270,-1,1,0,1340,0,-16,0
T924,root,127340,-1,1,0,494,0,-16,0
T924,root,12753320,-1,1,0,75,0,-16,0
T924,root,12753413,1,1,0,268,0,-16,0
T924,root,1276627,-1,1,0,18299,3,-2,0
T924,root,1277036,1,1,0,40,0,1,0
T924,root,128018,1,1,0,9359,2,-16,0
T924,root,12908600,-1,1,0,142,0,16,0
T924,root,12908758,1,1,0,72,0,6,0
T924,root,12968,-1,1,0,2327978,595,1,0
T924,root,13,1,0,0,20000001,5056,-128,0
T924,root,13,1,1,0,421,0,0,0
T924,root,130098,-1,1,0,11436,4,-16,0
T924,root,13046669,-1,1,0,24,0,-16,0
T924,root,13046877,1,1,0,53,0,5,0
T924,root,1306715,-1,1,0,3394,1,-16,0
T924,root,1307303,1,1,0,94,0,16,0
T924,root,130791,1,1,0,107,0,-16,0
T924,root,131,1,0,0,20000001,5857,-128,0
T924,root,13195,1,1,0,27213,7,-16,0
T924,root,13195388,-1,1,0,150,0,-16,0
T924,root,13195639,1,1,0,230,0,-16,0
T924,root,133016,-1,1,0,91,0,16,0
T924,root,13340198,-1,1,0,139,0,16,0
T924,root,13340645,1,1,0,18,0,-16,0
T924,root,1336287,-1,1,0,381,0,16,0
T924,root,1336865,1,1,0,429,0,-16,0
T924,root,133763,1,1,0,1135,1,-16,0
T924,root,13472462,-1,1,0,84,0,-16,0
T924,root,13472750,1,1,0,22,0,16,0
T924,root,13574,-1,1,0,203,1,-16,0
T924,root,136125,-1,1,0,11144,2,-1,0
T924,root,13613806,-1,1,0,112,0,-16,0
T924,root,13614340,1,1,0,102,1,-16,0
T924,root,1364600,-1,1,0,2487,1,3,0
T924,root,1365,-1,1,0,315401,74,-6,0
T924,root,1365154,1,1,0,351,0,-16,0
T924,root,136935,1,1,0,11826,3,16,0
T924,root,1373,1,1,0,13109,3,16,0
T924,root,13792733,-1,1,0,31,0,-16,0
T924,root,13793387,1,1,0,153,0,-16,0
T924,root,13805,1,1,0,174,0,-16,0
T924,root,1390935,-1,1,0,6741,2,3,0
T924,root,1391502,1,1,0,57,0,16,0
T924,root,139262,-1,1,0,44,0,16,0
T924,root,13983123,-1,1,0,227,0,-16,0
T924,root,13983976,1,1,0,1115,1,-16,0
T924,root,140294,1,1,0,11002,3,3,0
T924,root,14151195,-1,1,0,349,0,16,0
T924,root,14151691,1,1,0,80,0,-6,0
T924,root,1419770,-1,1,0,21,0,-16,0
T924,root,1420409,1,1,0,231,0,0,0
T924,root,142316,-1,1,0,264882,69,2,0
T924,root,14295072,-1,1,0,20,0,2,0
T924,root,14295625,1,1,0,209,0,-16,0
T924,root,143,1,0,0,20000001,5152,-128,0
T924,root,143,1,1,0,625,0,1,0
T924,root,143019,1,1,0,68,0,16,0
T924,root,14348,1,1,0,12956,3,-2,0
T924,root,1438,-1,1,0,369897,92,-16,0
T924,root,1447518,-1,1,0,949,0,-16,0
T924,root,1448070,1,1,0,210,0,-16,0
T924,root,14504051,-1,1,0,1105,0,1,0
T924,root,145046,-1,1,0,274,0,-16,0
T924,root,14505336,1,1,0,166,1,5,0
T924,root,145978,1,1,0,40001,10,2,0
T924,root,14687738,-1,1,0,156,0,-16,0
T924,root,14688913,1,1,0,22,0,-1,0
T924,root,1469,1,1,0,5896,2,16,0
T924,root,14702,-1,1,0,62,0,16,0
T924,root,147807,-1,1,0,2075,1,16,0
T924,root,1478295,-1,1,0,4293,1,-16,0
T924,root,1478862,1,1,0,26,0,16,0
T924,root,148,1,1,0,7,0,-6,0
T924,root,148491,1,1,0,289992,70,16,0
T924,root,14850941,-1,1,0,280,0,16,0
T924,root,14851699,1,1,0,762,0,-1,0
T924,root,14987,1,1,0,832526,200,16,0
T924,root,15000027,-1,1,0,587,0,-1,0
T924,root,15000943,1,1,0,23,0,-3,0
T924,root,150492,-1,1,0,6982,1,-2,0
T924,root,1510038,-1,1,0,337,0,-3,0
T924,root,1510984,1,1,0,43,0,-16,0
T924,root,151402,1,1,0,25242,7,16,0
T924,root,15154190,-1,1,0,15,0,-1,0
T924,root,15155052,1,1,0,132,0,-1,0
T924,root,1525,-1,1,0,2021256,473,1,0
T924,root,153,1,1,0,1065,1,-16,0
T924,root,153101,-1,1,0,168495,34,-1,0
T924,root,15323058,-1,1,0,92,0,-16,0
T924,root,15324541,1,1,0,125,0,16,0
T924,root,15334,-1,1,0,562,0,16,0
T924,root,154004,1,1,0,35844,8,3,0
T924,root,1543823,-1,1,0,2377,0,-4,0
T924,root,1544652,1,1,0,3371,1,16,0
T924,root,15468075,-1,1,0,22,0,16,0
T924,root,15469342,1,1,0,28,0,16,0
T924,root,155975,-1,1,0,2445083,583,1,0
T924,root,15611655,-1,1,0,30,0,16,0
T924,root,15613006,1,1,0,11,0,-5,0
T924,root,15660,1,1,0,1112,1,16,0
T924,root,156937,1,1,0,2297,0,-5,0
T924,root,1573,1,0,0,20000001,5037,-128,0
T924,root,1576880,-1,1,0,41,0,-16,0
T924,root,1577521,1,1,0,25,0,2,0
T924,root,15801497,-1,1,0,371,0,16,0
T924,root,15803127,1,1,0,53,0,-16,0
T924,root,159039,-1,1,0,46187,11,6,0
T924,root,15951,-1,0,0,20000001,5530,-128,0
T924,root,15967864,-1,1,0,85,0,16,0
T924,root,15969361,1,0,0,20000001,5205,-128,0
T924,root,159924,1,1,0,439,1,16,0
T924,root,1604,-1,1,0,1613603,383,-16,0
T924,root,1605915,-1,1,0,255,1,16,0
T924,root,1606861,1,1,0,4656,2,-3,0
T924,root,16109437,-1,1,0,47,0,-4,0
T924,root,16111321,1,1,0,114,0,16,0
T924,root,161803,-1,1,0,3007,1,16,0
T924,root,162569,1,1,0,11593,3,-1,0
T924,root,16260907,-1,1,0,120,0,3,0
T924,root,16262215,1,1,0,104,0,16,0
T924,root,16286,1,1,0,240424,58,5,0
T924,root,1636824,-1,1,0,20925,5,-16,0
T924,root,1637491,1,1,0,80,0,-16,0
T924,root,16410588,-1,1,0,152,0,-16,0
T924,root,16412578,1,1,0,17,0,16,0
T924,root,164253,-1,1,0,15715,4,-3,0
T924,root,165162,1,1,0,12454,3,-1,0
T924,root,16556,-1,1,0,848648,207,-16,0
T924,root,16568186,-1,1,0,18,0,-16,0
T924,root,16569823,1,1,0,8,0,16,0
T924,root,1664630,-1,1,0,232,0,16,0
T924,root,1665578,1,1,0,661,0,5,0
T924,root,167,1,1,0,1435,0,-1,0
T924,root,167,1,1,0,1435,1,-1,0
T924,root,167014,-1,1,0,2362,1,-16,0
T924,root,16763688,-1,1,0,19,0,-16,0
T924,root,16765906,1,1,0,14,0,-16,0
T924,root,168162,1,1,0,8190442,1930,-3,0
T924,root,1685,1,0,0,20000001,5438,-128,0
T924,root,16905,1,1,0,1865,0,-16,0
T924,root,1694168,-1,1,0,1485,0,16,0
T924,root,1694869,1,1,0,3766,1,16,0
T924,root,1695,-1,1,0,1787810,424,2,0
T924,root,16961652,-1,1,0,135,0,-1,0
T924,root,16962756,1,1,0,393,0,-16,0
T924,root,17,1,1,0,327,0,0,0
T924,root,170148,-1,1,0,2444,0,16,0
T924,root,17100800,-1,1,0,177,0,16,0
T924,root,17102595,1,1,0,32,0,-16,0
T924,root,171133,1,1,0,3667,1,3,0
T924,root,17159,-1,1,0,89,0,16,0
T924,root,1720408,-1,1,0,269,0,16,0
T924,root,1721522,1,1,0,38020,9,-16,0
T924,root,17229234,-1,1,0,616,0,0,0
T924,root,17230544,1,1,0,95,0,5,0
T924,root,172844,-1,1,0,120,0,16,0
T924,root,173889,1,0,0,20000001,5622,-128,0
T924,root,173912,-1,1,0,9670,3,-16,0
T924,root,17400625,-1,1,0,130,0,2,0
T924,root,17402509,1,1,0,12,0,16,0
T924,root,1750285,-1,1,0,10504,3,-2,0
T924,root,1751267,1,1,0,2693,1,-16,0
T924,root,17517,1,1,0,13569,4,0,0
T924,root,17579764,-1,1,0,78,0,-16,0
T924,root,17581658,1,1,0,16,0,-16,0
T924,root,177,1,0,0,20000001,5509,-128,0
T924,root,17765021,-1,1,0,333,0,3,0
T924,root,17766885,1,1,0,102,0,-1,0
T924,root,1781175,-1,1,0,45,0,16,0
T924,root,1782276,1,1,0,185,0,-16,0
T924,root,17897509,-1,1,0,211757,51,16,0
T924,root,17899720,1,1,0,251,0,-16,0
T924,root,1790,-1,1,0,124,0,-16,0
T924,root,18045296,-1,1,0,185,0,3,0
T924,root,18047180,1,1,0,18,0,-16,0
T924,root,1805,1,0,0,20000001,5494,-128,0
T924,root,18091,1,1,0,614,0,16,0
T924,root,1810031,-1,1,0,399,0,2,0
T924,root,1810951,1,1,0,585,0,0,0
T924,root,18219636,-1,1,0,51,0,-16,0
T924,root,18222617,1,1,0,1378,0,3,0
T924,root,18300,-1,1,0,8804,2,1,0
T924,root,1838507,-1,1,0,303753,77,-16,0
T924,root,1839379,1,1,0,847,1,1,0
T924,root,18419303,-1,1,0,85,0,-16,0
T924,root,18422684,1,1,0,188,0,2,0
T924,root,185850,-1,1,0,87,0,-16,0
T924,root,185877,1,1,0,4973,1,16,0
T924,root,18623545,-1,1,0,683,0,16,0
T924,root,18625448,1,1,0,90,0,16,0
T924,root,1870925,-1,1,0,1848,1,16,0
T924,root,1872213,1,1,0,8457,2,-16,0
T924,root,18731,1,1,0,1032,0,0,0
T924,root,18799005,-1,1,0,84,0,-16,0
T924,root,18800999,1,1,0,106,0,-1,0
T924,root,1891,1,1,0,30827,7,0,0
T924,root,18959,-1,1,0,87,0,16,0
T924,root,1899127,-1,1,0,679,0,16,0
T924,root,18991965,-1,1,0,18,0,-5,0
T924,root,18996074,1,1,0,14,0,-16,0
T924,root,1900114,1,1,0,174,0,-16,0
T924,root,191,-1,0,0,20000001,5291,-128,0
T924,root,191,1,1,0,430,0,0,0
T924,root,19204983,-1,1,0,20,0,16,0
T924,root,19207669,1,1,0,23,0,16,0
T924,root,1926518,-1,1,0,9282,2,6,0
T924,root,1927508,1,1,0,2607,1,4,0
T924,root,19369,1,1,0,278,0,-16,0
T924,root,194,1,0,0,20000001,5004,-128,0
T924,root,1940,-1,1,0,2355569,559,1,0
T924,root,19493560,-1,1,0,36,0,3,0
T924,root,19503256,1,1,0,76,0,6,0
T924,root,19503599,-1,1,0,104,0,16,0
T924,root,19542,-1,1,0,294,0,-16,0
T924,root,1955439,-1,1,0,529,1,16,0
T924,root,1957017,1,1,0,3919,1,16,0
T924,root,19759548,1,1,0,12,0,16,0
T924,root,19759575,-1,1,0,1408,0,1,0
T924,root,198093,-1,1,0,117,0,-16,0
T924,root,198124,1,1,0,753985,177,3,0
T924,root,19938,1,1,0,29314,7,-2,0
T924,root,1993812,-1,1,0,1865,0,-16,0
T924,root,1995589,1,1,0,106,0,-16,0
T924,root,19998831,1,1,0,26,0,16,0
T924,root,19998925,-1,1,0,226,0,16,0
T924,root,2001,1,1,0,3932,1,-16,0
T924,root,20058,-1,1,0,306770,75,-16,0
T924,root,20176375,-1,1,0,22,0,16,0
T924,root,20176472,1,1,0,12,0,-16,0
T924,root,2021148,-1,1,0,326,0,16,0
T924,root,2022230,1,1,0,27,0,-16,0
T924,root,203,-1,0,0,20000001,4998,-128,0
T924,root,20366931,-1,1,0,165,0,-1,0
T924,root,20367009,1,1,0,7,0,16,0
T924,root,20473,1,1,0,8342,2,16,0
T924,root,2052902,-1,1,0,163,0,16,0
T924,root,2054228,1,1,0,330,0,0,0
T924,root,20570079,-1,1,0,32,0,-3,0
T924,root,20570125,1,1,0,318,0,-3,0
T924,root,20615,-1,1,0,6363,2,-16,0
T924,root,20726970,-1,1,0,7,0,16,0
T924,root,20727228,1,1,0,30,0,6,0
T924,root,2081307,-1,1,0,2005,0,16,0
T924,root,2082379,1,1,0,780,1,16,0
T924,root,20868753,-1,1,0,98,0,-4,0
T924,root,20869219,1,1,0,102,0,16,0
T924,root,2090,1,1,0,86386,22,1,0
T924,root,209464,-1,1,0,47,0,16,0
T924,root,209544,1,1,0,2632,1,1,0
T924,root,2102,-1,1,0,2823,1,16,0
T924,root,21028815,-1,1,0,106,0,-3,0
T924,root,21028958,1,1,0,25,0,16,0
T924,root,21078,1,1,0,71190,19,16,0
T924,root,2113581,-1,1,0,74,0,-16,0
T924,root,2115258,1,1,0,6825,1,6,0
T924,root,21171915,-1,1,0,14,0,-1,0
T924,root,21172253,1,1,0,92,0,16,0
T924,root,21291949,-1,1,0,11,0,-16,0
T924,root,21292956,1,1,0,27,0,16,0
T924,root,2148519,-1,1,0,29243,6,5,0
T924,root,21490528,-1,1,0,7,0,-16,0
T924,root,21490890,1,1,0,7,0,16,0
T924,root,2150721,1,0,0,20000001,4950,-128,0
T924,root,2150832,-1,1,0,240,0,16,0
T924,root,217,1,1,0,22,0,-6,0
T924,root,21707,1,1,0,232,0,16,0
T924,root,21708405,-1,1,0,38,0,-16,0
T924,root,21708924,1,1,0,12,0,16,0
T924,root,21815,-1,1,0,16844,5,-2,0
T924,root,21896519,-1,1,0,132,0,-16,0
T924,root,21897374,1,1,0,84,0,16,0
T924,root,2191,-1,1,0,5808811,1385,16,0
T924,root,2198,1,0,0,20000001,5569,-128,0
T924,root,220061,-1,1,0,714,0,16,0
T924,root,220134,1,1,0,76525,18,-16,0
T924,root,22044346,-1,1,0,82,0,0,0
T924,root,22044885,1,1,0,872,0,-3,0
T924,root,22188702,-1,1,0,1704,1,-6,0
T924,root,22189773,1,1,0,186,0,-16,0
T924,root,222,1,0,0,20000001,5035,-128,0
T924,root,22277,1,1,0,46233,11,-1,0
T924,root,22359,-1,1,0,13925,3,16,0
T924,root,2237693,-1,1,0,766,0,16,0
T924,root,2237697,1,1,0,708,0,-3,0
T924,root,22427387,-1,1,0,10,0,16,0
T924,root,22428558,1,1,0,35,0,-16,0
T924,root,22631183,-1,1,0,14,0,-16,0
T924,root,22631898,1,1,0,612,0,16,0
T924,root,2270,-1,0,0,20000001,5270,-128,0
T924,root,22799000,-1,1,0,138,0,-16,0
T924,root,22799637,1,1,0,16,0,16,0
T924,root,2291,1,1,0,213221,54,16,0
T924,root,22918,1,1,0,397,0,16,0
T924,root,22974181,-1,1,0,14,0,1,0
T924,root,22975481,1,1,0,19,0,16,0
T924,root,22982,-1,1,0,245957,63,-2,0
T924,root,23,1,1,0,10,0,-6,0
T924,root,230963,-1,1,0,2702,1,-3,0
T924,root,231089,1,1,0,224,0,16,0
T924,root,2313107,-1,1,0,608,0,16,0
T924,root,2313167,1,1,0,98,1,-16,0
T924,root,23146444,-1,1,0,6,0,-16,0
T924,root,23148929,1,1,0,15,0,-6,0
T924,root,2328,-1,1,0,18820,5,-16,0
T924,root,23290645,-1,1,0,8,0,16,0
T924,root,23291786,1,1,0,7,0,-6,0
T924,root,233,-1,1,0,229,0,-6,0
T924,root,233,1,1,0,1850,0,1,0
T924,root,23495649,-1,1,0,10,0,-16,0
T924,root,23497159,1,1,0,30,0,-3,0
T924,root,23498,1,1,0,151420,33,0,0
T924,root,23572,-1,1,0,110,0,-16,0
T924,root,23667342,-1,1,0,21,0,16,0
T924,root,23668690,1,1,0,98,0,-16,0
T924,root,2377,1,1,0,259,0,-16,0
T924,root,23826162,-1,1,0,2542,1,0,0
T924,root,23827915,1,1,0,28,0,-16,0
T924,root,2390557,-1,1,0,120,1,-16,0
T924,root,2390608,1,1,0,296,0,16,0
T924,root,23981737,-1,1,0,10,0,-16,0
T924,root,23983733,1,1,0,1736,1,5,0
T924,root,240,-1,1,0,2562,0,1,0
T924,root,240,-1,1,0,2562,1,1,0
T924,root,2410,-1,1,0,579,0,-16,0
T924,root,24125,1,1,0,808,1,16,0
T924,root,24131311,-1,1,0,31,0,-3,0
T924,root,24132326,1,1,0,86,0,-16,0
T924,root,24157,-1,1,0,934567,222,-3,0
T924,root,241808,-1,1,0,88,0,16,0
T924,root,241995,1,1,0,6849,2,-16,0
T924,root,242,1,1,0,112,0,-6,0
T924,root,24273845,-1,1,0,83,0,16,0
T924,root,24276085,1,1,0,95,0,-16,0
T924,root,24450201,-1,1,0,94,0,16,0
T924,root,24451747,1,1,0,20,0,16,0
T924,root,2458229,-1,1,0,1915,0,-1,0
T924,root,2458326,1,1,0,761,0,-16,0
T924,root,24698271,-1,1,0,14,0,-16,0
T924,root,24700060,1,1,0,21,0,16,0
T924,root,24711,1,1,0,3542,1,16,0
T924,root,24731,-1,1,0,1258,0,16,0
T924,root,2474,1,1,0,462,0,16,0
T924,root,24876991,-1,1,0,45,0,-16,0
T924,root,24878807,1,1,0,975,1,-16,0
T924,root,25011854,-1,1,0,22,0,3,0
T924,root,25013220,1,1,0,206,0,-16,0
T924,root,25132174,-1,1,0,8,0,-16,0
T924,root,25133531,1,1,0,16,0,-1,0
T924,root,252,1,1,1,0,0,6,0
T924,root,2529301,-1,1,0,1067,1,-16,0
T924,root,2529394,1,1,0,472,0,-16,0
T924,root,253,1,1,0,1388311,351,-1,0
T924,root,25339,-1,1,0,28112,7,-5,0
T924,root,25339,1,1,0,137,0,16,0
T924,root,25340343,-1,1,0,23,0,1,0
T924,root,25342312,1,1,0,11,0,2,0
T924,root,253576,-1,1,0,6249,2,-1,0
T924,root,253740,1,1,0,4871,1,6,0
T924,root,2550,-1,1,0,2698362,647,1,0
T924,root,25516314,-1,1,0,471,0,16,0
T924,root,25520040,1,1,0,11,0,16,0
T924,root,2557,1,1,0,798000,199,1,0
T924,root,256,1,1,0,800,0,0,0
T924,root,25702799,-1,1,0,11,0,16,0
T924,root,25704653,1,1,0,33,0,-16,0
T924,root,25872433,-1,1,0,15,0,16,0
T924,root,25874429,1,1,0,233,0,16,0
T924,root,25894,-1,1,0,210,0,-16,0
T924,root,25914,1,1,0,66,0,16,0
T924,root,2598179,-1,1,0,30,0,-16,0
T924,root,2598344,1,1,0,655,0,4,0
T924,root,26016247,-1,1,0,7,0,16,0
T924,root,26017934,1,1,0,57,0,3,0
T924,root,26147850,-1,1,0,39,0,-4,0
T924,root,26149731,1,1,0,28,0,-16,0
T924,root,26337274,-1,1,0,28,0,16,0
T924,root,26339306,1,1,0,57,0,-4,0
T924,root,2635,-1,0,0,20000001,4946,-128,0
T924,root,26443,-1,1,0,12377,3,16,0
T924,root,26482,1,1,0,8196,2,-3,0
T924,root,265,-1,1,0,119,0,-6,0
T924,root,265,1,1,0,118,0,-6,0
T924,root,265334,-1,1,0,331198,83,2,0
T924,root,265499,1,1,0,21,0,16,0
T924,root,26554400,-1,1,0,255,0,16,0
T924,root,26561140,1,1,0,44,0,4,0
T924,root,2658221,-1,1,0,24,0,16,0
T924,root,2658442,1,1,0,436,0,-3,0
T924,root,2662,1,1,0,559579,133,-16,0
T924,root,26779189,-1,1,0,12,0,16,0
T924,root,26783515,1,1,0,216236,62,6,0
T924,root,26966973,-1,1,0,158,0,16,0
T924,root,26968,-1,1,0,3135,1,16,0
T924,root,26970706,1,1,0,116,0,-1,0
T924,root,27004,1,1,0,692876,169,3,0
T924,root,27158752,-1,1,0,17,0,-1,0
T924,root,27164392,1,1,0,144973,36,4,0
T924,root,2727,-1,1,0,51,0,-16,0
T924,root,2727973,-1,1,0,63,0,16,0
T924,root,2728136,1,1,0,83,0,1,0
T924,root,27343666,-1,1,0,25,0,1,0
T924,root,27346649,1,1,0,21,0,2,0
T924,root,275,1,0,0,20000001,4784,-128,0
T924,root,27551,-1,1,0,275173,68,0,0
T924,root,275662,-1,1,0,337,0,16,0
T924,root,275844,1,1,0,2053,1,-1,0
T924,root,27594522,-1,1,0,80,1,16,0
T924,root,27598567,1,1,0,53,0,-16,0
T924,root,27638,1,0,0,20000001,5360,-128,0
T924,root,27807083,-1,1,0,1909,0,-1,0
T924,root,27815698,1,1,0,17,0,-16,0
T924,root,2803,-1,1,0,1056,0,-16,0
T924,root,28071357,-1,1,0,12,0,16,0
T924,root,2807251,-1,1,0,734,0,-16,0
T924,root,2807394,1,1,0,30430,8,-5,0
T924,root,28076129,1,1,0,85,0,-16,0
T924,root,28132,-1,1,0,70166,19,-16,0
T924,root,28233,1,1,0,2292,1,-16,0
T924,root,283,1,1,0,1805,0,1,0
T924,root,284,-1,1,0,7323,2,16,0
T924,root,28428499,-1,1,0,22,0,-3,0
T924,root,28448833,1,1,0,10,0,-16,0
T924,root,28450224,-1,1,0,52,0,16,0
T924,root,2852,1,1,0,10853,3,16,0
T924,root,286508,-1,1,0,13050,3,3,0
T924,root,286761,1,1,0,3101,1,-2,0
T924,root,287,1,1,0,2825,1,16,0
T924,root,2870,-1,1,0,691918,173,-1,0
T924,root,28700807,1,1,0,9,0,-16,0
T924,root,28700853,-1,1,0,171,0,16,0
T924,root,2872237,-1,1,0,34796,8,5,0
T924,root,2872463,1,1,0,30,0,16,0
T924,root,28782,-1,1,0,11116,4,3,0
T924,root,288,1,1,0,710,0,-1,0
T924,root,28867615,-1,1,0,204,0,-16,0
T924,root,28867765,1,1,0,30,0,16,0
T924,root,28892,1,1,0,27612,7,6,0
T924,root,29049440,-1,1,0,13,0,-1,0
T924,root,29049871,1,1,0,52,0,6,0
T924,root,29152641,-1,1,0,23,0,-4,0
T924,root,29153648,1,1,0,8,0,1,0
T924,root,29295781,-1,1,0,7,0,1,0
T924,root,29296029,1,1,0,204,1,-16,0
T924,root,29379865,-1,1,0,7,0,16,0
T924,root,29380722,1,1,0,61,0,5,0
T924,root,2941998,-1,1,0,178,0,16,0
T924,root,2942298,1,1,0,494,0,0,0
T924,root,29454,-1,1,0,109046,25,-3,0
T924,root,29522718,-1,1,0,40,0,16,0
T924,root,29526004,1,1,0,38,0,16,0
T924,root,29549,1,1,0,333,0,16,0
T924,root,2958,-1,1,0,8584,2,-16,0
T924,root,2962,1,0,0,20000001,5354,-128,0
T924,root,296988,-1,1,0,117,0,1,0
T924,root,297239,1,1,0,154,0,16,0
T924,root,29727550,-1,1,0,11,0,16,0
T924,root,29728668,1,1,0,20,0,16,0
T924,root,298,1,1,0,514,0,16,0
T924,root,298,1,1,1,0,0,6,0
T924,root,29882129,-1,1,0,17,0,-1,0
T924,root,29882893,1,1,0,41,0,16,0
T924,root,29975,-1,1,0,153668,38,1,0
T924,root,29990520,-1,1,0,5,0,-16,0
T924,root,29990987,1,1,0,33,0,-16,0
T924,root,3,1,0,0,20000001,5353,-128,0
T924,root,300,-1,1,0,535,0,-1,0
T924,root,30078160,-1,1,0,92,1,16,0
T924,root,3007859,-1,1,0,693,0,-16,0
T924,root,30079045,1,1,0,7,0,-16,0
T924,root,3008210,1,1,0,167,0,-4,0
T924,root,30131,1,1,0,10005,3,16,0
T924,root,30233432,-1,1,0,5,0,-16,0
T924,root,30234122,1,1,0,28,0,16,0
T924,root,3032,-1,1,0,644,0,16,0
T924,root,30436117,-1,1,0,7048,2,-3,0
T924,root,30437900,1,1,0,15,0,-16,0
T924,root,30519,-1,1,0,51652,14,16,0
T924,root,3058,1,1,0,10648,3,16,0
T924,root,30591533,-1,1,0,532,0,-5,0
T924,root,30592358,1,1,0,8,0,-16,0
T924,root,30689,1,1,0,10139,2,-5,0
T924,root,307,1,1,0,1957088,471,3,0
T924,root,3074299,-1,1,0,289,0,16,0
T924,root,3074600,1,1,0,1493,1,16,0
T924,root,30751945,-1,1,0,23,0,-16,0
T924,root,30755252,1,1,0,62,0,16,0
T924,root,307893,-1,1,0,13011,4,-16,0
T924,root,308274,1,1,0,106,0,16,0
T924,root,30868685,-1,1,0,30,0,-16,0
T924,root,30870407,1,1,0,131,0,-16,0
T924,root,31,1,1,0,575,0,1,0
T924,root,31024225,-1,1,0,7,0,-16,0
T924,root,31029111,1,1,0,7,0,-3,0
T924,root,31072,-1,1,0,1740,0,16,0
T924,root,31184060,-1,1,0,15,0,16,0
T924,root,31185571,1,1,0,9,0,-3,0
T924,root,312,-1,1,0,6027178,1486,-16,0
T924,root,31261,1,1,0,5216538,1261,-16,0
T924,root,31310380,-1,1,0,348,0,3,0
T924,root,31312545,1,1,0,9,0,16,0
T924,root,3138064,-1,1,0,34,1,16,0
T924,root,3138345,1,1,0,63,0,16,0
T924,root,31460389,-1,1,0,210,0,16,0
T924,root,31461232,1,1,0,11,0,-16,0
T924,root,315,1,1,0,120050,28,3,0
T924,root,3153,1,1,0,231,0,-16,0
T924,root,31553499,-1,1,0,27,0,-6,0
T924,root,31554411,1,1,0,66,0,-16,0
T924,root,31599,-1,1,0,2748,1,16,0
T924,root,31649522,-1,1,0,383,0,-1,0
T924,root,31652745,1,1,0,215,0,-1,0
T924,root,31773112,-1,1,0,57,0,16,0
T924,root,31775228,1,1,0,166,0,1,0
T924,root,31810,1,1,0,2998134,723,0,0
T924,root,318615,-1,1,0,226,0,-16,0
T924,root,318924,1,1,0,163,0,4,0
T924,root,3195,-1,1,0,429,0,-16,0
T924,root,31979999,-1,1,0,60,0,16,0
T924,root,31982286,1,1,0,76,0,5,0
T924,root,3202838,-1,1,0,4720,1,2,0
T924,root,3203107,1,1,0,1243,1,-1,0
T924,root,32138501,-1,1,0,12,0,-16,0
T924,root,32140633,1,1,0,93,0,-16,0
T924,root,32222,-1,1,0,62064,16,-1,0
T924,root,32243428,-1,1,0,428,1,-3,0
T924,root,32245125,1,1,0,34,0,-16,0
T924,root,32360722,-1,1,0,25,0,-16,0
T924,root,32364983,1,1,0,11,0,-16,0
T924,root,32449,1,1,0,1944,1,-16,0
T924,root,32524760,-1,1,0,10,0,-16,0
T924,root,32528544,1,1,0,27,0,3,0
T924,root,3258,1,1,0,198377,54,1,0
T924,root,32655077,-1,1,0,12,0,-16,0
T924,root,32657650,1,1,0,88,0,16,0
T924,root,3269797,-1,1,0,2500,1,-16,0
T924,root,3270195,1,1,0,193,0,0,0
T924,root,32752,-1,1,0,7675,2,3,0
T924,root,32794975,-1,1,0,12,0,-16,0
T924,root,32797603,1,1,0,75,0,-16,0
T924,root,328372,-1,1,0,55,0,-16,0
T924,root,328712,1,1,0,788,0,16,0
T924,root,32912393,-1,1,0,20,0,-2,0
T924,root,32915608,1,1,0,384,0,1,0
T924,root,32954,1,1,0,403,0,-16,0
T924,root,33,1,0,0,20000001,4947,-128,0
T924,root,33044135,-1,1,0,11,0,16,0
T924,root,33047023,1,1,0,182,0,-16,0
T924,root,33149177,-1,1,0,87,0,16,0
T924,root,33152225,1,1,0,16,0,16,0
T924,root,33274480,-1,1,0,7,0,-16,0
T924,root,33276,-1,1,0,1514,0,16,0
T924,root,33278566,1,1,0,25,0,3,0
T924,root,3333670,-1,1,0,314,0,-16,0
T924,root,3334037,1,1,0,1860,0,-16,0
T924,root,33389924,-1,1,0,53,0,0,0
T924,root,33408293,1,1,0,34,0,16,0
T924,root,3348,1,1,0,1982,0,16,0
T924,root,33547,1,1,0,376,0,16,0
T924,root,336,1,1,0,104,0,6,0
T924,root,336,1,1,0,104,1,6,0
T924,root,33624700,-1,1,0,10,0,16,0
T924,root,33629906,1,1,0,18,0,-16,0
T924,root,33756793,-1,1,0,78,0,-16,0
T924,root,33761014,1,1,0,51,0,-16,0
T924,root,338336,-1,1,0,330,0,16,0
T924,root,33864,-1,1,0,800,1,16,0
T924,root,338651,1,1,0,352,1,16,0
T924,root,33931508,-1,1,0,835,0,1,0
T924,root,33934733,1,1,0,93,0,2,0
T924,root,3397487,-1,1,0,308,0,16,0
T924,root,3397991,1,1,0,980,0,-4,0
T924,root,34084314,-1,1,0,8,0,16,0
T924,root,34086920,1,1,0,28,0,-16,0
T924,root,341,1,1,0,627,0,1,0
T924,root,34113,1,1,0,6459092,1762,-6,0
T924,root,34119,-1,1,0,2953,1,-16,0
T924,root,3412,-1,1,0,65910,16,0,0
T924,root,34221783,-1,1,0,19,0,-3,0
T924,root,34227098,1,1,0,179,0,1,0
T924,root,3427,1,1,0,13448819,3554,16,0
T924,root,34357176,-1,1,0,571,0,-16,0
T924,root,34366812,1,1,0,226,0,0,0
T924,root,345,-1,1,0,1410,0,1,0
T924,root,345,1,1,0,751,0,1,0
T924,root,3456755,-1,1,0,1009,1,-1,0
T924,root,34572250,-1,1,0,12,0,-16,0
T924,root,3457241,1,1,0,943,0,-16,0
T924,root,34576930,1,1,0,13,0,16,0
T924,root,34738936,-1,1,0,19,0,16,0
T924,root,34744035,1,1,0,27,0,4,0
T924,root,3478,-1,1,0,161827,38,-16,0
T924,root,34916650,-1,1,0,8,0,-1,0
T924,root,34924776,1,1,0,208,0,-16,0
T924,root,349478,-1,1,0,1822,1,-3,0
T924,root,349882,1,1,0,11434,2,3,0
T924,root,35100592,-1,1,0,22,0,-16,0
T924,root,35113233,1,1,0,88,0,16,0
T924,root,3517,1,1,0,114816,27,-1,0
T924,root,3519187,-1,1,0,2156,0,-4,0
T924,root,3519715,1,1,0,46,0,-16,0
T924,root,35296778,-1,1,0,23,0,16,0
T924,root,35305384,1,1,0,12,0,-16,0
T924,root,35501614,-1,1,0,15,0,16,0
T924,root,35514956,1,1,0,175,0,0,0
T924,root,3566,-1,1,0,14188,3,-16,0
T924,root,3577905,-1,1,0,67,0,-5,0
T924,root,3578353,1,1,0,31,0,-16,0
T924,root,35870600,-1,1,0,7,0,16,0
T924,root,35903297,1,0,0,20000001,5154,-128,0
T924,root,35905216,-1,1,0,15,0,16,0
T924,root,360654,-1,1,0,2945,1,-16,0
T924,root,36088641,1,1,0,6,0,-16,0
T924,root,36088913,-1,1,1,0,0,-16,0
T924,root,361,1,1,0,451877,109,-6,0
T924,root,361050,1,1,0,4208,1,-16,0
T924,root,36174184,1,1,0,15,0,-1,0
T924,root,36174624,-1,1,0,10,0,16,0
T924,root,3622,1,1,0,2275,1,16,0
T924,root,36222214,-1,1,0,16,0,-16,0
T924,root,36222391,1,1,1,0,0,16,0
T924,root,36409677,-1,1,0,19,0,-16,0
T924,root,36410360,1,1,0,19,0,8,0
T924,root,3642,-1,1,0,58,1,-16,0
T924,root,3644584,-1,1,0,1132,1,-3,0
T924,root,3645201,1,1,0,96,0,-1,0
T924,root,36468033,-1,1,1,0,0,-16,0
T924,root,36468169,1,1,0,9,0,0,0
T924,root,36516008,-1,1,0,13,0,16,0
T924,root,36516188,1,1,0,8,0,-16,0
T924,root,36589685,-1,1,0,23,0,16,0
T924,root,36590492,1,1,1,0,0,16,0
T924,root,36661034,-1,1,0,6,0,16,0
T924,root,36664240,1,0,0,20000001,5316,-128,0
T924,root,36731247,-1,1,0,11,0,-16,0
T924,root,36732061,1,1,0,209,0,16,0
T924,root,36858474,-1,1,0,134,1,-16,0
T924,root,36861409,1,1,0,216,0,0,0
T924,root,36959751,-1,1,0,7,0,-16,0
T924,root,36961717,1,1,0,15,0,1,0
T924,root,37069394,-1,1,0,21,0,-3,0
T924,root,37078925,1,1,0,889,1,16,0
T924,root,371253,-1,1,0,1742,1,-1,0
T924,root,3716,-1,1,0,73555,17,1,0
T924,root,37168,-1,1,0,49973,11,-16,0
T924,root,371732,1,1,0,6247,2,-16,0
T924,root,37174,1,1,0,66,0,16,0
T924,root,3718,1,1,0,28021,7,1,0
T924,root,3718845,-1,1,0,1523,0,16,0
T924,root,37192337,-1,1,0,9,0,16,0
T924,root,3719442,1,1,0,2361,1,6,0
T924,root,37195280,1,0,0,20000001,5160,-128,0
T924,root,37252922,-1,1,0,21,0,16,0
T924,root,37253107,1,1,0,4,0,16,0
T924,root,37300018,-1,1,0,9,0,16,0
T924,root,37301172,1,1,0,27,0,3,0
T924,root,37353082,-1,1,0,113,0,4,0
T924,root,37360924,1,1,0,6,0,-16,0
T924,root,374,1,1,0,1124,0,16,0
T924,root,37419368,-1,1,0,9,0,-4,0
T924,root,37427226,1,1,0,24,0,16,0
T924,root,37479276,-1,1,0,3,0,-16,0
T924,root,37480411,1,1,0,9,0,-16,0
T924,root,37609280,-1,0,0,20000001,5313,-128,0
T924,root,37620960,1,0,0,20000001,5153,-128,0
T924,root,37678737,-1,1,0,356,0,16,0
T924,root,37681148,1,1,0,9,0,16,0
T924,root,37761278,-1,1,0,20,0,16,0
T924,root,37764127,1,1,0,7,0,16,0
T924,root,37863196,-1,1,0,10,0,16,0
T924,root,3786803,-1,1,0,2541,0,-1,0
T924,root,37868911,1,1,0,31,0,-16,0
T924,root,3787570,1,1,0,73,0,16,0
T924,root,37943008,-1,1,0,9,0,16,0
T924,root,37952922,1,1,0,9,0,-16,0
T924,root,37998585,-1,1,0,21,0,-1,0
T924,root,38007112,1,1,0,53,0,2,0
T924,root,38065161,-1,1,0,15,0,-2,0
T924,root,38067834,1,1,0,52,0,5,0
T924,root,3807,-1,1,0,67536,17,16,0
T924,root,38121994,-1,1,0,80,0,3,0
T924,root,38124807,1,1,0,10,0,-16,0
T924,root,381483,-1,1,0,1841,0,-16,0
T924,root,381914,1,1,0,99,0,16,0
T924,root,38198825,-1,1,0,51,0,-16,0
T924,root,382,1,1,0,837,0,16,0
T924,root,38204032,1,1,0,7,0,16,0
T924,root,38245152,-1,0,0,20000001,5640,-128,0
T924,root,38260137,1,1,0,19,0,-16,0
T924,root,3827,1,0,0,20000001,5513,-128,0
T924,root,38312714,-1,1,0,5,0,-16,0
T924,root,38318865,1,1,0,7,0,16,0
T924,root,38473141,-1,1,0,104,0,16,0
T924,root,38476616,1,1,0,9,0,-16,0
T924,root,38525376,-1,1,0,9,0,4,0
T924,root,38539457,1,1,1,0,0,-3,0
T924,root,38614629,-1,1,1,0,0,-16,0
T924,root,38622949,1,1,0,9,0,2,0
T924,root,3868025,-1,1,0,1589,1,-16,0
T924,root,3868662,1,1,0,299,0,16,0
T924,root,38731253,-1,1,0,749,0,16,0
T924,root,38746279,1,1,0,22,0,-16,0
T924,root,38824704,-1,1,0,41,0,16,0
T924,root,38831455,1,1,0,20,0,16,0
T924,root,38883328,-1,1,0,29,0,0,0
T924,root,38888812,1,1,1,0,0,16,0
T924,root,3891,-1,1,0,1438,0,-16,0
T924,root,38965106,-1,1,0,24,0,-16,0
T924,root,38981052,1,1,0,58,0,5,0
T924,root,39068624,-1,1,0,56,0,16,0
T924,root,39073906,1,1,0,29,0,0,0
T924,root,391757,-1,1,0,65,0,-16,0
T924,root,39188480,-1,1,0,19,0,-2,0
T924,root,39202530,1,1,0,362,0,1,0
T924,root,392346,1,1,0,3952,2,16,0
T924,root,39262390,-1,1,0,23,0,-4,0
T924,root,39270091,1,1,0,23,0,6,0
T924,root,3937006,-1,1,0,11833,3,-16,0
T924,root,3937649,1,1,0,810,0,16,0
T924,root,39377681,-1,1,0,9,0,-3,0
T924,root,39395182,1,1,0,611,0,-16,0
T924,root,39474780,-1,1,0,17,0,-16,0
T924,root,39482969,1,1,1,0,0,16,0
T924,root,39589370,-1,1,0,23,0,3,0
T924,root,39599776,1,1,0,13,0,6,0
T924,root,39688421,-1,1,1,0,0,-16,0
T924,root,39712176,1,1,0,32,0,6,0
T924,root,39794425,-1,1,0,22,0,16,0
T924,root,39811476,1,1,0,6,0,-16,0
T924,root,39872018,-1,1,0,7,0,-16,0
T924,root,39893103,1,1,0,12,0,0,0
T924,root,40007711,-1,1,0,10,0,16,0
T924,root,40040655,1,1,1,0,0,16,0
T924,root,4007626,-1,1,0,221,0,-4,0
T924,root,4008386,1,1,0,165,0,-16,0
T924,root,4009,1,1,0,4399,2,-16,0
T924,root,40148332,-1,1,0,17,0,-16,0
T924,root,40202323,1,1,0,73,0,-2,0
T924,root,402603,-1,1,0,80,0,-3,0
T924,root,40268,-1,1,0,200,0,-16,0
T924,root,4028,-1,1,0,32926,9,1,0
T924,root,403,1,1,0,9768,3,16,0
T924,root,403054,1,1,0,48,0,16,0
T924,root,40306,1,1,0,3125,1,-16,0
T924,root,40417364,-1,1,0,13,0,-16,0
T924,root,40490817,-1,1,0,24550,7,-16,0
T924,root,40490817,1,0,0,20000001,4809,-128,0
T924,root,40559936,-1,0,0,20000001,5628,-128,0
T924,root,40564544,1,0,0,20000001,5250,-128,0
T924,root,40601521,1,1,0,31,0,-16,0
T924,root,40602656,-1,1,0,9,0,6,0
T924,root,40639405,1,0,0,20000001,5402,-128,0
T924,root,40647568,-1,1,1,0,0,-16,0
T924,root,40685840,-1,1,1,0,0,-16,0
T924,root,40688033,1,1,0,3,0,16,0
T924,root,40721808,-1,1,0,3,0,-16,0
T924,root,40727241,1,1,1,0,0,16,0
T924,root,4072999,-1,1,0,3795,1,0,0
T924,root,4073637,1,1,0,76,0,-16,0
T924,root,40795073,-1,0,0,20000001,4842,-128,0
T924,root,40803369,1,1,1,0,0,16,0
T924,root,40836489,-1,1,1,0,0,-16,0
T924,root,40843488,1,1,0,17,0,0,0
T924,root,40866529,-1,1,1,0,0,-16,0
T924,root,40869261,1,1,0,3,0,16,0
T924,root,40893888,-1,0,0,20000001,5238,-128,0
T924,root,40907393,1,1,0,300,0,16,0
T924,root,40926563,-1,1,0,30,0,-4,0
T924,root,4093,1,1,0,8793116,2110,-16,0
T924,root,40934312,1,1,1,0,0,16,0
T924,root,4095,-1,1,0,3668,1,-16,0
T924,root,40956105,-1,0,0,20000001,5247,-128,0
T924,root,40981453,1,1,0,40,0,-16,0
T924,root,41003425,-1,0,0,20000001,5168,-128,0
T924,root,41027905,1,0,0,20000001,5126,-128,0
T924,root,41062057,-1,1,0,3,0,-16,0
T924,root,41068865,1,0,0,20000001,5128,-128,0
T924,root,41087200,-1,1,1,0,0,-16,0
T924,root,41097648,1,1,0,27,0,2,0
T924,root,41115936,-1,1,1,0,0,-16,0
T924,root,41132389,1,1,0,18,0,16,0
T924,root,41148379,-1,1,0,10,0,-6,0
T924,root,41162209,1,1,0,10,0,-16,0
T924,root,41178313,-1,1,0,27,0,-2,0
T924,root,41196096,1,1,1,0,0,16,0
T924,root,41211161,-1,1,0,9,0,4,0
T924,root,41251433,1,1,0,17,0,-4,0
T924,root,41267649,-1,1,1,0,0,-16,0
T924,root,412878,-1,1,0,13827,4,-16,0
T924,root,41291401,1,1,1,0,0,16,0
T924,root,41309632,-1,0,0,20000001,5615,-128,0
T924,root,413347,1,1,0,50,0,16,0
T924,root,41342081,1,1,0,3,0,16,0
T924,root,41352471,-1,1,0,485,0,-1,0
T924,root,4137336,-1,1,0,2020,1,2,0
T924,root,4137937,1,1,0,485,0,-16,0
T924,root,41383745,1,0,0,20000001,4840,-128,0
T924,root,41396545,-1,1,0,220,0,16,0
T924,root,41411617,1,1,0,456,0,-1,0
T924,root,41421396,-1,1,0,23,0,16,0
T924,root,41457728,1,0,0,20000001,4954,-128,0
T924,root,41465617,-1,1,0,10,0,0,0
T924,root,41488243,1,1,0,601,0,-16,0
T924,root,41490189,-1,1,0,27,0,4,0
T924,root,41530825,1,1,0,3,0,16,0
T924,root,41539289,-1,0,0,20000001,5306,-128,0
T924,root,41572269,1,1,0,27,0,-4,0
T924,root,41573488,-1,1,0,10,0,-2,0
T924,root,41604864,1,0,0,20000001,5061,-128,0
T924,root,41605217,-1,0,0,20000001,5903,-128,0
T924,root,41637748,1,0,0,20000001,5752,-128,0
T924,root,41666945,-1,0,0,20000001,4977,-128,0
T924,root,41666945,1,0,0,20000001,4830,-128,0
T924,root,4167,-1,1,0,50747,12,-3,0
T924,root,41686951,-1,0,0,20000001,5168,-128,0
T924,root,41687402,1,1,0,40,0,-16,0
T924,root,41719184,-1,1,1,0,0,-16,0
T924,root,41719729,1,0,0,20000001,5716,-128,0
T924,root,4175,1,1,0,307,1,16,0
T924,root,41752274,-1,0,0,20000001,5168,-128,0
T924,root,41752705,1,0,0,20000001,5111,-128,0
T924,root,41785120,-1,0,0,20000001,5577,-128,0
T924,root,41788369,1,0,0,20000001,5742,-128,0
T924,root,41818293,-1,0,0,20000001,5682,-128,0
T924,root,41850740,1,0,0,20000001,5451,-128,0
T924,root,41874729,-1,1,0,41,0,16,0
T924,root,41882689,1,1,1,0,0,16,0
T924,root,41899732,-1,1,0,27,0,4,0
T924,root,41915840,1,0,0,20000001,5756,-128,0
T924,root,41949182,-1,1,0,10,0,-4,0
T924,root,41965521,1,0,0,20000001,5696,-128,0
T924,root,4196584,-1,1,0,3240,1,-16,0
T924,root,4197305,1,1,0,299,0,3,0
T924,root,41998135,-1,1,0,5216,2,-16,0
T924,root,42,1,0,0,20000001,5039,-128,0
T924,root,42015048,1,1,0,10,0,-4,0
T924,root,42030960,-1,0,0,20000001,5763,-128,0
T924,root,42044130,1,1,0,63,0,0,0
T924,root,42079841,-1,1,0,68,0,16,0
T924,root,42096464,1,1,0,3220,1,16,0
T924,root,42113729,-1,0,0,20000001,5711,-128,0
T924,root,42129644,1,1,0,1896,1,16,0
T924,root,42145392,-1,0,0,20000001,5624,-128,0
T924,root,42178213,1,0,0,20000001,5687,-128,0
T924,root,42194772,-1,0,0,20000001,5692,-128,0
T924,root,42211441,1,0,0,20000001,5115,-128,0
T924,root,42230832,-1,1,1,0,0,-16,0
T924,root,42260277,1,0,0,20000001,4994,-128,0
T924,root,4227,-1,1,0,1789315,431,-3,0
T924,root,42277769,-1,1,0,676,0,-8,0
T924,root,42309523,1,1,0,12,0,-16,0
T924,root,42325757,-1,0,0,20000001,5058,-128,0
T924,root,423375,-1,1,0,74,0,16,0
T924,root,423795,1,1,0,21934,5,0,0
T924,root,42383734,1,1,0,46,0,16,0
T924,root,42398600,-1,1,0,45,0,-16,0
T924,root,42456897,-1,1,0,24550,7,-16,0
T924,root,42456897,1,1,0,24549,7,-16,0
T924,root,42460673,-1,0,0,20000001,5171,-128,0
T924,root,42472256,1,0,0,20000001,5116,-128,0
T924,root,42486592,-1,1,0,25523,6,-16,0
T924,root,42487480,1,1,0,601929,148,16,0
T924,root,42490928,-1,1,0,36,0,-8,0
T924,root,42492976,-1,1,0,681,0,-7,0
T924,root,42502769,-1,0,0,20000001,5787,-128,0
T924,root,42508336,1,1,0,42,0,10,0
T924,root,42518784,1,0,0,20000001,5718,-128,0
T924,root,42521184,1,0,0,20000001,5162,-128,0
T924,root,42523217,-1,0,0,20000001,5711,-128,0
T924,root,42526017,-1,0,0,20000001,5719,-128,0
T924,root,42527424,1,0,0,20000001,4851,-128,0
T924,root,42532161,-1,0,0,20000001,5662,-128,0
T924,root,42550785,-1,1,0,29,0,-10,0
T924,root,42551104,1,1,0,9377,2,16,0
T924,root,42554384,1,0,0,20000001,5647,-128,0
T924,root,42556024,-1,1,0,571,0,-10,0
T924,root,42556024,1,1,0,130,0,8,0
T924,root,4258,1,1,0,2872891,689,-16,0
T924,root,42583872,-1,0,0,20000001,5467,-128,0
T924,root,42587085,1,1,0,25,0,10,0
T924,root,42588105,-1,1,0,1074917,263,-16,0
T924,root,42589200,1,1,0,60,0,16,0
T924,root,42595937,-1,0,0,20000001,5780,-128,0
T924,root,42604216,-1,1,0,13509,3,-2,0
T924,root,42612688,1,1,0,28,0,8,0
T924,root,42619476,1,0,0,20000001,5708,-128,0
T924,root,42621347,-1,0,0,20000001,5712,-128,0
T924,root,42622000,-1,1,0,128,0,-8,0
T924,root,42624832,1,0,0,20000001,4849,-128,0
T924,root,4262569,-1,1,0,25,0,-2,0
T924,root,4263573,1,1,0,2545,1,16,0
T924,root,42646576,1,0,0,20000001,4877,-128,0
T924,root,42652688,1,0,0,20000001,5630,-128,0
T924,root,42653504,-1,0,0,20000001,5440,-128,0
T924,root,42653810,-1,0,0,20000001,4841,-128,0
T924,root,42659968,1,0,0,20000001,5503,-128,0
T924,root,42671661,-1,1,0,40,0,-8,0
T924,root,42683968,-1,1,0,8228,2,-16,0
T924,root,42684529,1,1,0,65,0,16,0
T924,root,42686016,1,0,0,20000001,5151,-128,0
T924,root,42686528,1,0,0,20000001,5484,-128,0
T924,root,42691137,-1,0,0,20000001,5734,-128,0
T924,root,42700865,1,1,0,509,0,16,0
T924,root,42712896,-1,0,0,20000001,5230,-128,0
T924,root,42718208,1,0,0,20000001,5097,-128,0
T924,root,42719021,-1,1,0,3759,1,-16,0
T924,root,42719056,1,0,0,20000001,4981,-128,0
T924,root,42719416,-1,1,0,29,0,-10,0
T924,root,42721600,-1,1,0,532,0,-6,0
T924,root,42736461,1,0,0,20000001,6073,-128,0
T924,root,42750944,1,0,0,20000001,5624,-128,0
T924,root,42751794,1,0,0,20000001,5468,-128,0
T924,root,42751808,-1,1,0,1038515,256,16,0
T924,root,42752225,-1,0,0,20000001,5750,-128,0
T924,root,42755392,1,0,0,20000001,5132,-128,0
T924,root,42758400,-1,1,0,216,0,-16,0
T924,root,42777993,-1,1,0,8183899,1997,-10,0
T924,root,42778000,1,0,0,20000001,5668,-128,0
T924,root,42784498,1,0,0,20000001,5102,-128,0
T924,root,42784512,-1,1,0,126,0,-16,0
T924,root,42784768,1,1,0,135,0,8,0
T924,root,42784961,-1,0,0,20000001,5691,-128,0
T924,root,42791121,-1,0,0,20000001,4860,-128,0
T924,root,42799328,1,0,0,20000001,5128,-128,0
T924,root,42811009,-1,1,0,42,0,-10,0
T924,root,42817346,1,1,0,114698,29,-16,0
T924,root,42819007,-1,0,0,20000001,4922,-128,0
T924,root,42823874,1,1,0,519560,141,6,0
T924,root,42843581,-1,1,0,176,0,-8,0
T924,root,42848964,1,1,0,80,0,10,0
T924,root,42850093,1,0,0,20000001,5273,-128,0
T924,root,42850528,-1,1,0,571,0,-10,0
T924,root,42867585,1,1,0,13660,4,2,0
T924,root,42876289,-1,0,0,20000001,4847,-128,0
T924,root,42882828,1,0,0,20000001,5220,-128,0
T924,root,42882892,-1,1,0,114722,30,-16,0
T924,root,42883705,-1,0,0,20000001,5744,-128,0
T924,root,42883975,1,1,0,285547,71,5,0
T924,root,42898161,-1,1,0,27,0,-8,0
T924,root,42909061,1,1,0,210,0,8,0
T924,root,42915767,1,1,0,212,0,16,0
T924,root,42930906,-1,1,0,598,0,-7,0
T924,root,42948007,1,0,0,20000001,5222,-128,0
T924,root,42948279,-1,1,0,3759,1,-16,0
T924,root,42948553,1,1,0,18921,5,6,0
T924,root,42954697,-1,0,0,20000001,4882,-128,0
T924,root,42980367,1,0,0,20000001,5668,-128,0
T924,root,43,1,1,0,548,0,1,0
T924,root,4304,-1,1,0,32175,9,5,0
T924,root,4330319,-1,1,0,19,0,-16,0
T924,root,43312,-1,1,0,13427120,3309,-16,0
T924,root,4331251,1,1,0,2462,1,3,0
T924,root,43370,1,1,0,66,0,-16,0
T924,root,433821,-1,1,0,2116255,539,-1,0
T924,root,434311,1,1,0,73,0,-16,0
T924,root,4359,1,1,0,519,0,16,0
T924,root,4386,-1,1,0,1834,0,-16,0
T924,root,4395031,-1,1,0,3564,1,16,0
T924,root,4395923,1,1,0,415,0,-5,0
T924,root,442,1,1,0,279,0,0,0
T924,root,444724,-1,1,0,139,0,-16,0
T924,root,4450,1,1,0,13557,4,-3,0
T924,root,445389,1,1,0,23163,5,-1,0
T924,root,4456667,-1,1,0,699,0,0,0
T924,root,4457416,1,1,0,61,0,-16,0
T924,root,4459,-1,1,0,58193,14,-1,0
T924,root,4523956,-1,1,0,50,0,16,0
T924,root,4524837,1,1,0,494,1,-16,0
T924,root,453,-1,1,0,809,0,-16,0
T924,root,454614,-1,1,0,29,0,-16,0
T924,root,455,1,1,0,565,0,16,0
T924,root,455258,1,1,0,1472,0,3,0
T924,root,4555,-1,1,0,47298,11,-16,0
T924,root,4573,1,1,0,101,0,-16,0
T924,root,4597340,-1,1,0,1228,0,16,0
T924,root,4598024,1,1,0,4167,1,3,0
T924,root,464143,-1,1,0,2140,1,16,0
T924,root,464681,1,1,0,1134,1,16,0
T924,root,465,1,0,0,20000001,5357,-128,0
T924,root,4657419,-1,1,0,137,0,16,0
T924,root,46581,-1,1,0,677,0,16,0
T924,root,4658453,1,1,0,528,0,-16,0
T924,root,4661,1,1,0,162054,40,-1,0
T924,root,46695,1,1,0,89,0,-16,0
T924,root,4723306,-1,1,0,120,0,-16,0
T924,root,4724059,1,1,0,237,0,-16,0
T924,root,473,-1,1,0,229,0,-6,0
T924,root,473,-1,1,0,229,1,-6,0
T924,root,473,1,1,0,228,0,-5,0
T924,root,473,1,1,0,228,0,-6,0
T924,root,473,1,1,0,48031,12,-16,0
T924,root,4739,1,1,0,1733743,414,1,0
T924,root,474252,-1,1,0,1190,0,0,0
T924,root,474963,1,1,0,364,0,-16,0
T924,root,4762,-1,1,0,1779822,428,2,0
T924,root,4783933,-1,1,0,403,0,16,0
T924,root,4784945,1,1,0,239,0,16,0
T924,root,479,-1,1,0,1797,0,1,0
T924,root,479,1,1,0,109,0,
T924,root,479,1,1,0,109,0,6,0
T924,root,4831,1,1,0,13377161,3187,3,0
T924,root,4836,-1,1,0,122924,30,4,0
T924,root,484068,-1,1,0,12296,4,-16,0
T924,root,484897,1,1,0,8990051,2261,-16,0
T924,root,485,1,1,0,13700306,3403,5,0
T924,root,4863479,-1,1,0,2685,1,-16,0
T924,root,4864889,1,1,0,4152,1,16,0
T924,root,488,1,1,0,1298,0,-1,0
T924,root,4898,-1,1,0,6315,2,-16,0
T924,root,49,1,1,0,151988,39,3,0
T924,root,4906,1,0,0,20000001,5414,-128,0
T924,root,4939176,-1,1,0,377,0,-16,0
T924,root,4940066,1,1,0,15441658,3863,-16,0
T924,root,495133,-1,1,0,375,0,16,0
T924,root,496054,1,1,0,6606,1,-16,0
T924,root,4964,-1,1,0,166,0,16,0
T924,root,497,-1,1,0,1724,0,-1,0
T924,root,497,1,1,0,402,0,-1,0
T924,root,49836,-1,1,0,10859,3,0,0
T924,root,4991,1,1,0,3102864,747,16,0
T924,root,4993,1,0,0,20000001,4935,-128,0
T924,root,49958,1,1,0,348153,95,16,0
T924,root,4998669,-1,1,0,56,0,-2,0
T924,root,4999,-1,1,0,22556,6,1,0
T924,root,4999599,1,1,0,909,0,16,0
T924,root,500,-1,1,0,17,0,6,0
T924,root,500,1,1,0,15,0,6,0
T924,root,504,1,1,0,3088,1,16,0
T924,root,505,-1,1,0,554,0,1,0
T924,root,505,-1,1,0,554,1,1,0
T924,root,505,1,1,0,551,0,1,0
T924,root,506422,-1,1,0,262,0,16,0
T924,root,5068408,-1,1,0,64,0,4,0
T924,root,5070150,1,1,0,2133,1,16,0
T924,root,507214,1,1,0,2147,1,16,0
T924,root,512,-1,1,0,1084,0,1,0
T924,root,513,1,1,0,131900,31,-6,0
T924,root,514,1,1,0,23,0,6,0
T924,root,5142061,-1,1,0,192,0,16,0
T924,root,5143379,1,1,0,217,0,-16,0
T924,root,517967,-1,1,0,11702,3,-3,0
T924,root,518918,1,1,0,4715,1,-16,0
T924,root,520,1,1,0,215,0,6,0
T924,root,5201687,-1,1,0,18,0,16,0
T924,root,5202950,1,1,0,1014,0,-4,0
T924,root,52538,-1,1,0,3324,1,-16,0
T924,root,52653,1,1,0,3576,1,-16,0
T924,root,5277724,-1,1,0,9507,2,16,0
T924,root,5279114,1,1,0,223,1,16,0
T924,root,529113,-1,1,0,5449,2,-16,0
T924,root,529865,1,1,0,2640,1,-3,0
T924,root,53,1,1,0,8,0,6,0
T924,root,530,1,1,0,1757,0,-1,0
T924,root,534,1,1,0,517,0,-1,0
T924,root,5354831,-1,1,0,121,0,-4,0
T924,root,5356330,1,1,0,231,0,16,0
T924,root,539482,-1,1,0,2214,0,0,0
T924,root,540394,1,1,0,3688,1,2,0
T924,root,5441807,-1,1,0,218,0,5,0
T924,root,5445441,1,0,0,20000001,4998,-128,0
T924,root,5445540,-1,1,0,78,0,16,0
T924,root,545,1,1,0,601,0,1,0
T924,root,549836,-1,1,0,46,0,-16,0
T924,root,550523,1,1,0,3279011,810,1,0
T924,root,55546,-1,1,0,238,0,16,0
T924,root,55684,1,1,0,3896,1,-16,0
T924,root,559464,-1,1,0,1769,1,1,0
T924,root,560346,1,1,0,2530,0,-3,0
T924,root,5604,-1,1,0,38225,9,0,0
T924,root,5608933,-1,1,0,9,0,-16,0
T924,root,5608962,1,1,0,80,0,-16,0
T924,root,5619,1,1,0,23034,6,16,0
T924,root,569572,-1,1,0,6983,2,16,0
T924,root,570221,1,1,0,32,0,16,0
T924,root,5743611,-1,1,0,219,1,-16,0
T924,root,5743736,1,1,0,1334,1,-16,0
T924,root,579334,-1,1,0,133,0,-16,0
T924,root,58,1,0,0,20000001,4973,-128,0
T924,root,580331,1,1,0,4680,1,0,0
T924,root,582,-1,1,0,45991,12,16,0
T924,root,58427,-1,1,0,3473,1,-3,0
T924,root,58618,1,1,0,2680,1,16,0
T924,root,5871620,-1,1,0,121,0,-16,0
T924,root,5871731,1,1,0,1521,0,4,0
T924,root,589676,-1,1,0,2196,1,2,0
T924,root,590665,1,1,0,1876,0,16,0
T924,root,593,1,1,0,8961,3,-16,0
T924,root,5989025,-1,1,0,245,0,-5,0
T924,root,5989067,1,1,0,99,0,16,0
T924,root,600803,-1,1,0,3613,1,-16,0
T924,root,601705,1,1,0,1114,1,-4,0
T924,root,603,1,1,0,470,0,0,0
T924,root,6103136,-1,1,0,28,0,3,0
T924,root,6103441,1,1,0,47,0,-6,0
T924,root,610748,-1,1,0,2521,1,-16,0
T924,root,611637,1,1,0,7497,2,4,0
T924,root,614,1,1,0,119,0,6,0
T924,root,61510,-1,1,0,127303,32,-1,0
T924,root,6159,-1,1,0,19955,4,4,0
T924,root,61715,1,1,0,47661,14,-1,0
T924,root,6185,1,1,0,366,0,16,0
T924,root,62,-1,1,0,284,0,-16,0
T924,root,621452,-1,1,0,204,0,16,0
T924,root,622426,1,1,0,296,0,16,0
T924,root,6249861,-1,1,0,15,0,-16,0
T924,root,6250204,1,1,0,21,0,16,0
T924,root,630804,-1,1,0,459,0,-16,0
T924,root,631881,1,1,0,4058,1,2,0
T924,root,6366040,-1,1,0,569,0,-16,0
T924,root,6366235,1,1,0,101,0,-16,0
T924,root,64,-1,1,0,640406,160,6,0
T924,root,64,1,1,0,109,0,6,0
T924,root,640828,-1,1,0,333,0,16,0
T924,root,642005,1,1,0,57363,15,-16,0
T924,root,64341,-1,1,0,189,0,-16,0
T924,root,64612,1,1,0,108,0,-16,0
T924,root,6488743,-1,1,0,67,0,-16,0
T924,root,6488963,1,1,0,38,0,-16,0
T924,root,653,-1,0,0,20000001,5002,-128,0
T924,root,653755,-1,1,0,1327,1,2,0
T924,root,654683,1,1,0,349098,89,16,0
T924,root,66,1,1,0,655,0,16,0
T924,root,6612763,-1,1,0,13,0,16,0
T924,root,6613097,1,1,0,23,0,-2,0
T924,root,663366,-1,1,0,4806,1,16,0
T924,root,664579,1,1,0,1806,1,16,0
T924,root,6720235,-1,1,0,265,0,4,0
T924,root,6720493,1,1,0,36,0,16,0
T924,root,6736,-1,1,0,33490,8,1,0
T924,root,673928,-1,1,0,465,0,16,0
T924,root,67418,-1,1,0,58,0,16,0
T924,root,675013,1,1,0,6111,2,16,0
T924,root,67709,1,1,0,129,0,16,0
T924,root,6788,1,1,0,174,0,16,0
T924,root,6839443,-1,1,0,572,0,-1,0
T924,root,6839905,1,1,0,63,0,-16,0
T924,root,685043,-1,1,0,31968,9,6,0
T924,root,686401,1,1,0,93,0,-8,0
T924,root,686447,-1,1,0,1554,1,2,0
T924,root,690,1,1,0,2156,1,-16,0
T924,root,6957810,-1,1,0,85,0,-16,0
T924,root,6958160,1,1,0,69,0,2,0
T924,root,7063707,-1,1,0,15,0,4,0
T924,root,7064195,1,1,0,2639,0,16,0
T924,root,70661,-1,1,0,2500,1,-2,0
T924,root,70939,1,1,0,492,0,16,0
T924,root,71,-1,1,0,392721,94,-3,0
T924,root,7175920,-1,1,0,44,0,6,0
T924,root,7176276,1,1,0,55,0,-1,0
T924,root,724766,-1,1,0,20283,5,-1,0
T924,root,724811,1,1,0,302,0,-16,0
T924,root,7280294,-1,1,0,101,0,16,0
T924,root,7280746,1,1,0,1620,0,-6,0
T924,root,73,1,1,0,1035,0,1,0
T924,root,732,-1,1,0,1130,0,-16,0
T924,root,73502,-1,1,0,269,0,16,0
T924,root,7370,-1,1,0,1974,1,-16,0
T924,root,73805,1,1,0,148,1,16,0
T924,root,7387253,-1,1,0,553,1,-3,0
T924,root,7387675,1,1,0,944,0,4,0
T924,root,7434,1,1,0,2337003,580,0,0
T924,root,7485996,-1,1,0,22,0,1,0
T924,root,7486614,1,1,0,1238,0,2,0
T924,root,75,-1,1,0,24088,7,16,0
T924,root,757165,-1,1,0,1115,0,-1,0
T924,root,757234,1,1,0,91,0,16,0
T924,root,7598835,-1,1,0,27,0,3,0
T924,root,7599370,1,1,0,188,0,3,0
T924,root,76478,-1,1,0,1094984,262,-16,0
T924,root,76753,1,1,0,951,0,-5,0
T924,root,77,1,1,0,125,0,-16,0
T924,root,77,1,1,0,7,0,-6,0
T924,root,7725622,-1,1,0,442,0,3,0
T924,root,7726431,1,1,0,158,0,-1,0
T924,root,7855921,-1,1,0,71,0,16,0
T924,root,7856662,1,1,0,162,0,1,0
T924,root,788080,-1,1,0,43,0,1,0
T924,root,788237,1,1,0,990,0,-16,0
T924,root,79286,-1,1,0,319,0,-16,0
T924,root,794,1,1,0,76758,18,-16,0
T924,root,79573,1,1,0,165,0,16,0
T924,root,7972891,-1,1,0,458,0,-16,0
T924,root,7973704,1,1,0,28,0,-3,0
T924,root,7994,-1,1,0,32507,8,2,0
T924,root,8083,1,1,0,144,0,-16,0
T924,root,8119514,-1,1,0,1565,1,-16,0
T924,root,8120691,1,1,0,729,0,1,0
T924,root,814,-1,1,0,88185,22,1,0
T924,root,81999,-1,1,0,1278,0,-16,0
T924,root,822439,1,1,0,1776,1,16,0
T924,root,82374,1,1,0,7263,2,-6,0
T924,root,8245707,-1,1,0,41,0,-16,0
T924,root,8246533,1,1,0,45,0,-16,0
T924,root,8366502,-1,1,0,48,0,-16,0
T924,root,8367591,1,1,0,16,0,-16,0
T924,root,8478498,-1,1,0,68,0,-1,0
T924,root,8479511,1,1,0,493,0,16,0
T924,root,85231,-1,1,0,99,1,16,0
T924,root,856109,-1,1,0,300,0,16,0
T924,root,856215,1,1,0,78,0,1,0
T924,root,85707,1,1,0,2617,1,16,0
T924,root,8583948,-1,1,0,173,0,-16,0
T924,root,8584738,1,1,0,755,0,16,0
T924,root,8692,1,0,0,20000001,4970,-128,0
T924,root,8698630,-1,1,0,43,0,-16,0
T924,root,8699617,1,1,0,67,0,-16,0
T924,root,87,-1,0,0,20000001,4985,-128,0
T924,root,87928,-1,1,0,292,0,16,0
T924,root,8818922,-1,1,0,23,0,-16,0
T924,root,8820171,1,1,0,50,0,-5,0
T924,root,883,1,1,0,15110,4,16,0
T924,root,88328,1,1,0,43,0,16,0
T924,root,885613,-1,1,0,316,0,-3,0
T924,root,885786,1,1,0,920,0,16,0
T924,root,89,1,1,0,792,0,1,0
T924,root,8926948,-1,1,0,59,1,16,0
T924,root,8927957,1,0,0,20000001,4947,-128,0
T924,root,9,1,1,0,2104,0,2,0
T924,root,9,1,1,0,2104,1,2,0
T924,root,9036585,-1,1,0,55,0,-16,0
T924,root,9037911,1,1,0,51,0,16,0
T924,root,90650,-1,1,0,465,0,-16,0
T924,root,91067,1,1,0,256,0,16,0
T924,root,9156174,-1,1,0,22,0,16,0
T924,root,9157642,1,1,0,298,0,-16,0
T924,root,916572,-1,1,0,183,0,-16,0
T924,root,916714,1,1,0,3373,1,-16,0
T924,root,9276,-1,1,0,272,0,16,0
T924,root,9283122,-1,1,0,45,0,3,0
T924,root,9284707,1,1,0,353,0,-6,0
T924,root,93307,-1,1,0,30420,7,-1,0
T924,root,93844,1,0,0,20000001,5270,-128,0
T924,root,9393971,-1,1,0,26,0,16,0
T924,root,9394916,1,1,0,45,0,-16,0
T924,root,9399,1,1,0,709,0,16,0
T924,root,947348,-1,1,0,118,0,-16,0
T924,root,947546,1,1,0,41,0,-16,0
T924,root,9506022,-1,1,0,28,0,-16,0
T924,root,9507016,1,1,0,1314,1,-16,0
T924,root,9620447,-1,1,0,530,0,16,0
T924,root,9621624,1,1,0,868,0,4,0
T924,root,963,-1,1,0,122,0,-16,0
T924,root,96476,-1,1,0,2761,1,-16,0
T924,root,96849,1,1,0,223,0,-16,0
T924,root,971,1,1,0,74,1,16,0
T924,root,9729776,-1,1,0,61,0,-16,0
T924,root,9731531,1,1,0,27,0,-16,0
T924,root,978408,-1,1,0,739,0,-4,0
T924,root,978638,1,1,0,101,0,16,0
T924,root,9876966,-1,1,0,4823,2,16,0
T924,root,9878788,1,1,0,85759,21,-16,0
T924,root,99319,-1,1,0,9029,2,6,0
T924,root,9963,-1,1,0,9497,3,-1,0
T924,root,99737,1,1,0,25159,6,16,0
